EPOCH #,EQ Loss,IC Loss,BC Loss,Total Loss
0,1.240311,0.0010719395,0.044742405,1.2861254
100,0.11183055,0.00089279126,0.02558417,0.13830751
200,0.010428477,6.037359e-05,0.0116738565,0.022162708
300,0.0063624587,2.5976824e-05,0.009856121,0.016244557
400,0.004668729,1.861435e-05,0.008368008,0.013055352
500,0.0035408111,1.4929299e-05,0.00691065,0.01046639
600,0.0028580702,1.2473664e-05,0.005750374,0.008620917
700,0.0026700068,1.0792683e-05,0.0051975157,0.007878316
800,0.0023491909,1.0183377e-05,0.0047196196,0.007078994
900,0.0022510262,9.184221e-06,0.0045057824,0.006765993
1000,0.00186772,7.864563e-06,0.0039716773,0.0058472618
1100,0.0017333133,8.048281e-06,0.0035801996,0.0053215614
1200,0.0015552576,8.174871e-06,0.0030822563,0.0046456885
1300,0.0012797795,7.839207e-06,0.002355769,0.0036433877
1400,0.00087002525,5.874483e-06,0.0015387954,0.0024146952
1500,0.0006018514,3.756224e-06,0.0010626228,0.0016682304
1600,0.00048040858,2.7648098e-06,0.000812564,0.0012957375
1700,0.00041961262,1.3874568e-06,0.0007326048,0.0011536048
1800,0.000374632,2.2777008e-06,0.0005846116,0.00096152135
1900,0.0003472041,2.3876626e-06,0.00048752435,0.00083711615
2000,0.00038712253,1.5502552e-06,0.0004735565,0.00086222927
2100,0.00030644017,2.338947e-06,0.0003938941,0.0007026732
2200,0.00028979825,2.3994282e-06,0.00034363352,0.0006358312
2300,0.00061885547,7.6034657e-06,0.00036582717,0.0009922861
2400,0.00026351726,2.2240058e-06,0.00029794613,0.0005636874
2500,0.00024896333,2.2552026e-06,0.00026466974,0.00051588827
2600,0.005884608,0.0002969122,0.0015970971,0.007778617
2700,0.00022987988,2.1979045e-06,0.00023517164,0.0004672494
2800,0.00021723619,2.0212606e-06,0.00020834911,0.00042760657
2900,0.0025188983,9.972786e-05,0.0009139123,0.0035325387
3000,0.00020316977,2.0415391e-06,0.0001853322,0.00039054352
3100,0.00019205663,1.7482209e-06,0.0001621402,0.00035594503
3200,0.00026153232,7.2721305e-06,0.0001832664,0.00045207085
3300,0.00018469318,1.5503063e-06,0.00014164073,0.00032788422
3400,0.00017274663,1.4627112e-06,0.00012450056,0.0002987099
3500,0.00016729491,1.198618e-06,0.000108443346,0.00027693686
3600,0.00017082003,1.6624863e-06,0.000112034366,0.0002845169
3700,0.00015928583,1.1979943e-06,9.641952e-05,0.00025690335
3800,0.00015283441,1.1175684e-06,8.459021e-05,0.0002385422
3900,0.00016591173,1.3607116e-06,8.802286e-05,0.0002552953
4000,0.00014941244,1.0181691e-06,7.731914e-05,0.00022774976
4100,0.00014321828,9.452362e-07,6.803168e-05,0.00021219518
4200,0.00029575985,1.0576948e-05,0.00013873712,0.0004450739
4300,0.00013932612,8.9138683e-07,6.2844665e-05,0.00020306217
4400,0.00013312671,8.407207e-07,5.5566215e-05,0.00018953365
4500,0.00015351252,8.523928e-07,6.031339e-05,0.0002146783
4600,0.00012857346,8.1064206e-07,5.209428e-05,0.00018147839
4700,0.00012270373,8.623409e-07,4.6500674e-05,0.00017006675
4800,0.00012836735,7.0292873e-07,5.0500927e-05,0.0001795712
4900,0.00011772644,7.323865e-07,4.3334578e-05,0.0001617934
5000,0.0013678015,3.9665687e-05,0.00025302958,0.0016604967
5100,0.00011718326,9.164534e-07,4.153652e-05,0.00015963623
5200,0.000113653165,8.037625e-07,3.9997372e-05,0.00015445429
5300,0.00011179936,7.4725114e-07,3.8856306e-05,0.00015140291
5400,0.000110307265,7.171723e-07,3.777105e-05,0.00014879549
5500,0.000108918124,6.985666e-07,3.6697307e-05,0.00014631399
5600,0.00010755312,6.8561235e-07,3.562974e-05,0.00014386847
5700,0.00010617926,6.7575195e-07,3.457255e-05,0.00014142755
5800,0.00010478509,6.6764676e-07,3.3527736e-05,0.00013898047
5900,0.000103359846,6.6074983e-07,3.2499895e-05,0.00013652048
6000,0.00010190156,6.5447813e-07,3.1489806e-05,0.00013404584
6100,0.000100405676,6.485617e-07,3.049834e-05,0.00013155259
6200,9.8873286e-05,6.427969e-07,2.9528184e-05,0.00012904427
6300,9.730126e-05,6.370454e-07,2.8578452e-05,0.00012651675
6400,9.5691285e-05,6.311864e-07,2.7650598e-05,0.00012397308
6500,9.404086e-05,6.251042e-07,2.6743171e-05,0.00012140913
6600,9.2355134e-05,6.187366e-07,2.5856836e-05,0.000118830714
6700,9.063147e-05,6.1210346e-07,2.4991092e-05,0.00011623467
6800,8.887481e-05,6.0521086e-07,2.4146644e-05,0.000113626666
6900,8.708752e-05,5.979372e-07,2.332117e-05,0.00011100663
7000,8.5267646e-05,5.90334e-07,2.2515747e-05,0.00010837373
7100,8.342336e-05,5.824966e-07,2.1730102e-05,0.00010573596
7200,8.155225e-05,5.7424154e-07,2.0962685e-05,0.00010308918
7300,7.965939e-05,5.654223e-07,2.021492e-05,0.00010043973
7400,7.774582e-05,5.565104e-07,1.9487386e-05,9.7789714e-05
7500,7.5819225e-05,5.470687e-07,1.8778337e-05,9.5144635e-05
7600,7.387703e-05,5.372185e-07,1.8089071e-05,9.2503324e-05
7700,7.1926785e-05,5.270675e-07,1.7419845e-05,8.98737e-05
7800,6.9965376e-05,5.166926e-07,1.6771537e-05,8.7253604e-05
7900,6.800329e-05,5.058945e-07,1.6143573e-05,8.465276e-05
8000,6.603951e-05,4.947889e-07,1.5536201e-05,8.2070495e-05
8100,6.4080356e-05,4.836174e-07,1.495017e-05,7.9514146e-05
8200,6.253782e-05,4.7077506e-07,1.4413055e-05,7.742165e-05
8300,6.042733e-05,4.6420558e-07,1.4018978e-05,7.491052e-05
8400,0.00022095419,6.494917e-06,8.293484e-05,0.00031038397
8500,5.707377e-05,4.361033e-07,1.3170375e-05,7.068025e-05
8600,5.5331417e-05,4.2722542e-07,1.275291e-05,6.851155e-05
8700,5.4659202e-05,6.1919775e-07,1.3502061e-05,6.8780464e-05
8800,5.2269246e-05,4.0520877e-07,1.2065041e-05,6.473949e-05
8900,5.0723243e-05,3.915968e-07,1.1662327e-05,6.277717e-05
9000,4.9695373e-05,5.121293e-07,1.1951907e-05,6.2159415e-05
9100,4.7898866e-05,3.7112255e-07,1.1065011e-05,5.9334998e-05
9200,4.6506935e-05,3.5330427e-07,1.0681395e-05,5.7541634e-05
9300,4.594611e-05,3.1630955e-07,1.0359165e-05,5.6621586e-05
9400,4.3885313e-05,3.380048e-07,1.0189436e-05,5.4412754e-05
9500,4.3137956e-05,2.8898776e-07,9.733538e-06,5.3160482e-05
9600,4.164531e-05,3.0547895e-07,9.624247e-06,5.1575036e-05
9700,4.0202416e-05,3.0536754e-07,9.405638e-06,4.9913422e-05
9800,0.0004946879,1.2126224e-05,0.00015400682,0.0006608209
9900,3.7974292e-05,2.8906362e-07,8.940763e-06,4.7204117e-05
10000,3.68088e-05,2.7585526e-07,8.695685e-06,4.5780343e-05
10100,3.812624e-05,2.4740683e-07,7.946748e-06,4.6320394e-05
10200,3.475556e-05,2.5899823e-07,8.317712e-06,4.333227e-05
10300,3.371867e-05,2.6453202e-07,8.168484e-06,4.2151685e-05
10400,3.274322e-05,2.709748e-07,8.07904e-06,4.1093237e-05
10500,3.18991e-05,2.3088894e-07,7.724821e-06,3.985481e-05
10600,0.00038371468,1.0679172e-05,0.00011859331,0.0005129872
10700,3.0199983e-05,2.1490396e-07,7.387818e-06,3.7802703e-05
10800,2.9326793e-05,2.0647795e-07,7.1972345e-06,3.6730504e-05
10900,3.1159296e-05,5.7620684e-07,8.469859e-06,4.0205363e-05
11000,2.7739781e-05,1.965661e-07,6.9143116e-06,3.485066e-05
11100,2.7030144e-05,1.802703e-07,6.6740986e-06,3.3884513e-05
11200,2.670689e-05,1.6707558e-07,6.5408512e-06,3.3414817e-05
11300,2.5612751e-05,1.7248676e-07,6.4410215e-06,3.222626e-05
11400,0.000163749,3.6792032e-06,4.5483517e-05,0.00021291173
11500,2.4299294e-05,1.7666451e-07,6.2615622e-06,3.073752e-05
11600,2.3698243e-05,1.5468125e-07,6.0147545e-06,2.9867679e-05
11700,3.9429684e-05,1.2687539e-06,1.3221444e-05,5.391988e-05
11800,2.2538015e-05,1.56016e-07,5.766955e-06,2.8460987e-05
11900,2.2351061e-05,2.1118726e-07,6.0002253e-06,2.8562474e-05
12000,2.1495565e-05,1.3455892e-07,5.515569e-06,2.7145694e-05
12100,2.1931357e-05,1.9564648e-07,5.9588774e-06,2.808588e-05
12200,2.0531344e-05,1.2765165e-07,5.305276e-06,2.5964271e-05
12300,3.470004e-05,6.867825e-07,6.185709e-06,4.157253e-05
12400,1.9660045e-05,1.2104069e-07,5.106603e-06,2.488769e-05
12500,1.9383222e-05,1.0566994e-07,4.8762604e-06,2.4365154e-05
12600,1.9050527e-05,1.09969506e-07,4.8249067e-06,2.3985402e-05
12700,1.8627865e-05,1.4739157e-07,5.0669146e-06,2.384217e-05
12800,1.8143915e-05,1.14913746e-07,4.7602766e-06,2.3019107e-05
12900,1.7798588e-05,1.0421504e-07,4.6164096e-06,2.2519213e-05
13000,6.388903e-05,1.3525886e-06,1.6336002e-05,8.1577615e-05
13100,1.71711e-05,9.915836e-08,4.4582725e-06,2.172853e-05
13200,1.685638e-05,9.502871e-08,4.335064e-06,2.1286474e-05
13300,1.684648e-05,1.0414394e-07,4.3662467e-06,2.1316871e-05
13400,1.62752e-05,9.096076e-08,4.190262e-06,2.0556423e-05
13500,4.1039202e-05,2.1668063e-07,6.265184e-06,4.752107e-05
13600,1.5728778e-05,8.8693696e-08,4.05304e-06,1.9870511e-05
13700,1.7051172e-05,2.1191936e-07,4.8848174e-06,2.214791e-05
13800,1.5243026e-05,8.3424496e-08,3.9286488e-06,1.92551e-05
13900,0.0007142119,2.1870088e-05,0.00021924952,0.0009553315
14000,1.4788435e-05,8.101059e-08,3.821387e-06,1.8690833e-05
14100,1.4556835e-05,7.664189e-08,3.7145319e-06,1.8348008e-05
14200,3.321515e-05,9.2574936e-07,3.943238e-06,3.8084137e-05
14300,1.4151297e-05,7.204789e-08,3.6034633e-06,1.782681e-05
14400,1.3913035e-05,7.109835e-08,3.5302583e-06,1.7514392e-05
14500,1.6254284e-05,8.4286214e-08,3.4600107e-06,1.9798581e-05
14600,1.3541233e-05,6.920361e-08,3.4713225e-06,1.7081758e-05
14700,1.3343924e-05,6.675301e-08,3.3952035e-06,1.6805881e-05
14800,2.0162457e-05,4.11951e-07,5.2262753e-06,2.5800682e-05
14900,1.3026774e-05,6.317974e-08,3.3309705e-06,1.6420923e-05
15000,1.28342235e-05,6.194889e-08,3.2592952e-06,1.6155469e-05
15100,1.26370705e-05,6.198328e-08,3.2035439e-06,1.5902599e-05
15200,1.2637482e-05,5.693252e-08,3.1643767e-06,1.5858792e-05
15300,1.2325805e-05,5.7897694e-08,3.1321947e-06,1.5515898e-05
15400,0.00037635042,1.3756918e-05,0.00010773944,0.0004978468
15500,1.2027029e-05,5.6918385e-08,3.0896479e-06,1.5173595e-05
15600,1.1857005e-05,5.4208623e-08,3.0134188e-06,1.49246325e-05
15700,3.2901306e-05,4.824625e-08,6.598142e-06,3.9547696e-05
15800,1.1558287e-05,5.2403948e-08,2.951458e-06,1.456215e-05
15900,1.2709354e-05,5.970397e-08,3.0377792e-06,1.5806838e-05
16000,1.1273633e-05,5.008453e-08,2.8843806e-06,1.4208099e-05
16100,1.2075271e-05,5.698385e-08,2.8266345e-06,1.4958889e-05
16200,1.1018306e-05,4.759041e-08,2.8213958e-06,1.3887293e-05
16300,8.981135e-05,2.595097e-07,1.236402e-05,0.00010243488
16400,1.07509995e-05,4.825521e-08,2.7925043e-06,1.3591759e-05
16500,1.3546127e-05,9.84438e-08,3.1471468e-06,1.6791717e-05
16600,1.0533454e-05,4.9653192e-08,2.7749497e-06,1.3358056e-05
16700,1.04018245e-05,4.2591164e-08,2.6716236e-06,1.3116039e-05
16800,1.2908298e-05,1.0667609e-07,3.329545e-06,1.634452e-05
16900,1.060229e-05,3.9755626e-08,2.6114371e-06,1.3253482e-05
17000,1.0243455e-05,3.6964884e-08,2.5994084e-06,1.2879828e-05
17100,9.952465e-06,4.1131496e-08,2.5950885e-06,1.2588685e-05
17200,9.865786e-06,4.5807262e-08,2.629533e-06,1.2541126e-05
17300,9.766873e-06,3.781191e-08,2.5366844e-06,1.2341369e-05
17400,2.6487109e-05,8.7085283e-07,3.1562565e-06,3.0514217e-05
17500,9.571519e-06,3.689467e-08,2.5083e-06,1.2116713e-05
17600,0.00029535615,1.0445192e-05,8.642495e-05,0.0003922263
17700,9.380024e-06,3.863139e-08,2.5033526e-06,1.1922008e-05
17800,9.295577e-06,3.4642234e-08,2.434204e-06,1.1764423e-05
17900,1.0503502e-05,6.502095e-08,2.2603344e-06,1.28288575e-05
18000,9.159286e-06,4.639228e-08,2.5173113e-06,1.1722989e-05
18100,9.259339e-06,3.0346e-08,2.385645e-06,1.1675331e-05
18200,9.007482e-06,3.0343166e-08,2.3551358e-06,1.1392961e-05
18300,9.167911e-06,2.9087847e-08,2.3633222e-06,1.1560321e-05
18400,8.810626e-06,3.121365e-08,2.3344217e-06,1.1176262e-05
18500,1.4892033e-05,5.7394413e-07,3.969245e-06,1.9435221e-05
18600,8.66859e-06,3.0601946e-08,2.3236678e-06,1.102286e-05
18700,8.595474e-06,2.9056366e-08,2.277462e-06,1.0901993e-05
18800,8.567443e-06,4.451497e-08,2.3889952e-06,1.1000953e-05
18900,9.13604e-06,3.0700317e-08,2.3470573e-06,1.1513797e-05
19000,8.381875e-06,2.9386985e-08,2.2692566e-06,1.0680518e-05
19100,8.312822e-06,2.7576515e-08,2.2239237e-06,1.0564322e-05
19200,8.527375e-06,5.6273024e-08,2.4378937e-06,1.10215415e-05
19300,8.184756e-06,2.708633e-08,2.2000504e-06,1.0411893e-05
19400,6.0303642e-05,2.9831863e-06,5.840045e-06,6.912687e-05
19500,8.050658e-06,2.803056e-08,2.1923718e-06,1.027106e-05
19600,1.090103e-05,2.611257e-08,2.801371e-06,1.3728513e-05
19700,7.940044e-06,2.602825e-08,2.1743474e-06,1.0140419e-05
19800,9.049399e-06,2.7300434e-08,2.283124e-06,1.1359823e-05
19900,7.823298e-06,2.5388639e-08,2.133049e-06,9.981735e-06
20000,3.87026e-05,7.987513e-07,1.0056625e-05,4.9557977e-05
20100,7.7786835e-06,2.2966699e-08,2.1127116e-06,9.914362e-06
20200,7.661398e-06,2.3704217e-08,2.0759012e-06,9.761004e-06
20300,9.09019e-06,2.67237e-08,2.1079454e-06,1.1224859e-05
20400,7.550241e-06,2.4345791e-08,2.0774153e-06,9.652002e-06
20500,8.013635e-05,1.9497695e-06,2.159009e-05,0.000103676204
20600,7.4961504e-06,2.1515072e-08,2.040384e-06,9.558049e-06
20700,7.3970486e-06,2.2276193e-08,2.011901e-06,9.431226e-06
20800,8.199295e-06,9.950635e-08,2.3899051e-06,1.06887055e-05
20900,7.3123692e-06,2.1758172e-08,2.010951e-06,9.345078e-06
21000,7.2710077e-06,2.0569576e-08,1.9748081e-06,9.266385e-06
21100,7.3065244e-06,2.1232335e-08,1.982703e-06,9.31046e-06
21200,7.1778823e-06,2.1048173e-08,1.9653226e-06,9.164253e-06
21300,7.867873e-06,2.17547e-08,2.0853809e-06,9.975009e-06
21400,7.1136433e-06,2.4179585e-08,2.0003945e-06,9.138217e-06
21500,7.031258e-06,2.0437877e-08,1.9296012e-06,8.9812975e-06
21600,7.857715e-06,5.0367607e-08,2.1938595e-06,1.0101942e-05
21700,6.9585153e-06,1.9848247e-08,1.9090655e-06,8.8874285e-06
21800,8.0723585e-06,2.0085409e-08,2.1531575e-06,1.02456015e-05
21900,6.9819584e-06,1.9026395e-08,1.8695297e-06,8.870515e-06
22000,6.82713e-06,1.9276436e-08,1.8834685e-06,8.729875e-06
22100,9.714933e-06,1.2750046e-07,2.8856875e-06,1.2728121e-05
22200,6.760773e-06,1.8755683e-08,1.8585037e-06,8.638032e-06
22300,1.8532497e-05,2.821575e-07,4.754502e-06,2.3569157e-05
22400,6.724039e-06,1.7632114e-08,1.8527273e-06,8.594398e-06
22500,6.652222e-06,1.750499e-08,1.8112053e-06,8.480933e-06
22600,6.8788972e-06,2.1793838e-08,1.8226095e-06,8.723301e-06
22700,6.7658707e-06,1.8261725e-08,1.8171327e-06,8.601265e-06
22800,1.1949048e-05,1.7172115e-07,2.8518414e-06,1.497261e-05
22900,6.4897536e-06,1.7749844e-08,1.7885129e-06,8.296016e-06
23000,1.9132644e-05,2.3161356e-07,2.3772059e-06,2.1741464e-05
23100,6.4316378e-06,1.704342e-08,1.7723426e-06,8.221024e-06
23200,1.4500979e-05,1.7364025e-07,4.457307e-06,1.9131927e-05
23300,1.2623129e-05,1.1674173e-07,3.6115844e-06,1.6351454e-05
23400,6.370645e-06,1.5766595e-08,1.7426091e-06,8.129022e-06
23500,4.4480847e-05,2.0891755e-06,1.2914103e-05,5.9484126e-05
23600,6.2692266e-06,1.5993951e-08,1.7232223e-06,8.008443e-06
23700,6.2144854e-06,1.6301323e-08,1.710287e-06,7.941074e-06
23800,6.6064536e-06,1.731363e-08,1.6910309e-06,8.314799e-06
23900,6.1477735e-06,1.6334045e-08,1.7150501e-06,7.879157e-06
24000,6.1655924e-06,1.8294463e-08,1.7392467e-06,7.923133e-06
24100,6.1098126e-06,1.581176e-08,1.6914388e-06,7.817063e-06
24200,6.0676457e-06,1.56729e-08,1.6712261e-06,7.754546e-06
24300,7.461773e-06,3.155563e-08,1.9764047e-06,9.469733e-06
24400,6.038229e-06,1.5096758e-08,1.6623244e-06,7.71565e-06
24500,5.9934914e-06,1.5041719e-08,1.642898e-06,7.651432e-06
24600,7.810928e-06,5.3175246e-08,1.5794454e-06,9.443549e-06
24700,6.1722526e-06,2.922792e-08,1.7805871e-06,7.9820675e-06
24800,6.0350058e-06,2.450301e-08,1.7210433e-06,7.780552e-06
24900,5.9171443e-06,1.7953223e-08,1.6578023e-06,7.5929e-06
25000,5.847642e-06,1.4472053e-08,1.6056754e-06,7.467789e-06
25100,5.931826e-06,1.3552234e-08,1.5848342e-06,7.5302123e-06
25200,5.810271e-06,1.39944945e-08,1.5932518e-06,7.4175173e-06
25300,1.4054141e-05,4.0797576e-07,1.7821258e-06,1.6244243e-05
25400,6.3862453e-06,5.1344124e-08,1.8806227e-06,8.318212e-06
25500,1.1701717e-05,8.035803e-08,2.8052007e-06,1.4587276e-05
25600,5.6943604e-06,1.47867185e-08,1.57748e-06,7.286627e-06
25700,1.3012176e-05,4.95781e-08,3.1310722e-06,1.6192827e-05
25800,5.64794e-06,1.34054075e-08,1.5492674e-06,7.2106127e-06
25900,6.277702e-06,1.5585513e-08,1.5564855e-06,7.849772e-06
26000,6.7193964e-06,4.566281e-08,1.9049234e-06,8.669983e-06
26100,6.7930146e-06,5.1448797e-08,1.9817135e-06,8.826178e-06
26200,5.547663e-06,1.3833066e-08,1.5393027e-06,7.1007985e-06
26300,0.0005266398,1.5602942e-05,0.0001406224,0.00068286515
26400,5.524628e-06,1.2862898e-08,1.5155089e-06,7.0529995e-06
26500,5.4791562e-06,1.2852712e-08,1.4988598e-06,6.9908688e-06
26600,7.978128e-06,2.2512958e-07,2.2486151e-06,1.0451874e-05
26700,5.8727896e-06,3.816796e-08,1.7195939e-06,7.630551e-06
26800,5.650255e-06,1.641048e-08,1.5026477e-06,7.169313e-06
26900,1.5468198e-05,2.6492276e-07,3.4765771e-06,1.9209698e-05
27000,5.371264e-06,1.245766e-08,1.4721255e-06,6.855847e-06
27100,7.2320577e-06,7.925955e-08,1.9614158e-06,9.272733e-06
27200,5.334999e-06,1.2106497e-08,1.4586071e-06,6.8057125e-06
27300,6.8298173e-06,1.3620306e-07,1.9166316e-06,8.882652e-06
27400,6.5654153e-06,3.489188e-08,1.7067837e-06,8.307091e-06
27500,5.257885e-06,1.2449668e-08,1.4493364e-06,6.719671e-06
27600,6.2949434e-06,4.4001567e-08,1.5977591e-06,7.936704e-06
27700,5.2258283e-06,1.1895509e-08,1.4287451e-06,6.666469e-06
27800,9.5920805e-06,4.24728e-08,2.246446e-06,1.1880999e-05
27900,5.189507e-06,1.1869899e-08,1.432621e-06,6.633998e-06
28000,9.0319145e-06,1.978973e-07,2.7192045e-06,1.1949016e-05
28100,5.1800134e-06,1.1552804e-08,1.4279743e-06,6.6195407e-06
28200,5.12902e-06,1.1625465e-08,1.4019477e-06,6.5425934e-06
28300,1.3545986e-05,1.187326e-08,3.3355068e-06,1.6893366e-05
28400,5.1074007e-06,1.1156294e-08,1.3918382e-06,6.5103955e-06
28500,5.4806414e-06,1.5346922e-08,1.4757418e-06,6.97173e-06
28600,9.55145e-05,2.6682314e-06,2.5596055e-05,0.00012377878
28700,5.045409e-06,1.1248461e-08,1.3815625e-06,6.43822e-06
28800,2.9077471e-05,6.260046e-07,7.366075e-06,3.7069552e-05
28900,5.017517e-06,1.1050602e-08,1.3706095e-06,6.3991774e-06
29000,4.980101e-06,1.128964e-08,1.3621554e-06,6.3535463e-06
29100,0.00014046335,3.645962e-06,3.7970647e-05,0.00018207997
29200,1.4524187e-05,3.1147485e-07,4.201357e-06,1.9037017e-05
29300,4.942637e-06,1.2090744e-08,1.3705549e-06,6.325283e-06
29400,5.330941e-06,3.1052604e-08,1.5361181e-06,6.898111e-06
29500,4.922757e-06,1.0794364e-08,1.3344459e-06,6.267997e-06
29600,4.908876e-06,1.3847237e-08,1.3771372e-06,6.29986e-06
29700,6.139088e-05,3.9274323e-06,1.2887715e-05,7.820602e-05
29800,4.852818e-06,1.152917e-08,1.3542739e-06,6.2186214e-06
29900,5.1198176e-06,1.5619097e-08,1.4463733e-06,6.58181e-06
30000,4.8155775e-06,1.0704985e-08,1.3205661e-06,6.1468486e-06
30100,5.0352023e-06,1.4825984e-08,1.3065012e-06,6.35653e-06
30200,4.7890126e-06,1.0409081e-08,1.3075304e-06,6.1069522e-06
30300,5.1826005e-06,4.991828e-08,1.5187525e-06,6.751271e-06
30400,8.2768165e-06,7.591918e-08,2.2871134e-06,1.0639849e-05
30500,4.88745e-06,1.5797369e-08,1.3729579e-06,6.276205e-06
30600,4.793643e-06,1.08304565e-08,1.2996625e-06,6.1041355e-06
30700,6.823626e-06,6.364298e-08,1.9509005e-06,8.838169e-06
30800,4.7641884e-06,1.0805278e-08,1.2709286e-06,6.045922e-06
30900,0.00021830924,1.3708233e-05,3.997665e-05,0.00027199413
31000,5.402049e-06,1.9515213e-08,1.5085548e-06,6.9301186e-06
31100,4.665823e-06,1.1780277e-08,1.3045202e-06,5.982123e-06
31200,1.31149345e-05,3.532657e-08,3.0481237e-06,1.6198384e-05
31300,4.628453e-06,9.906001e-09,1.2700336e-06,5.908393e-06
31400,1.9993264e-05,9.934155e-07,5.064797e-06,2.6051475e-05
31500,4.602817e-06,1.0563266e-08,1.2808057e-06,5.8941864e-06
31600,4.6592163e-06,1.1613894e-08,1.250929e-06,5.921759e-06
31700,4.72507e-06,1.3395004e-08,1.2569066e-06,5.995372e-06
31800,4.613444e-06,9.837083e-09,1.2624508e-06,5.885732e-06
31900,4.5459046e-06,9.7056825e-09,1.2400924e-06,5.7957027e-06
32000,5.2325345e-06,2.1070733e-08,1.254459e-06,6.5080644e-06
32100,4.520571e-06,9.817702e-09,1.2479734e-06,5.7783623e-06
32200,6.3672155e-06,2.7557657e-08,1.6633694e-06,8.058143e-06
32300,4.5057654e-06,9.585642e-09,1.2346145e-06,5.7499656e-06
32400,4.4958265e-06,9.777787e-09,1.2191045e-06,5.724709e-06
32500,4.5078423e-06,9.6253086e-09,1.2260118e-06,5.743479e-06
32600,4.468136e-06,9.388195e-09,1.2180992e-06,5.6956237e-06
32700,8.164268e-06,1.06791596e-07,1.8913988e-06,1.0162459e-05
32800,8.177152e-06,1.1170764e-07,2.0376947e-06,1.0326555e-05
32900,4.430488e-06,9.397782e-09,1.2196545e-06,5.65954e-06
33000,4.408498e-06,9.393346e-09,1.20546e-06,5.623351e-06
33100,4.946281e-06,3.30464e-08,1.3933093e-06,6.3726366e-06
33200,4.3971536e-06,9.178825e-09,1.2014305e-06,5.6077624e-06
33300,2.5921046e-05,6.372185e-07,4.8342076e-06,3.1392472e-05
33400,6.412455e-05,1.4741348e-06,1.502056e-05,8.061925e-05
33500,4.35557e-06,9.182839e-09,1.1963725e-06,5.5611254e-06
33600,2.86474e-05,7.1969794e-07,6.0435104e-06,3.541061e-05
33700,4.3464192e-06,9.0820444e-09,1.1846137e-06,5.540115e-06
33800,1.5859201e-05,4.3268233e-07,2.9837738e-06,1.9275658e-05
33900,0.0001501666,5.9277727e-06,3.4823148e-05,0.0001909175
34000,4.3078676e-06,9.7378585e-09,1.2025389e-06,5.5201444e-06
34100,2.3650815e-05,6.196956e-07,6.3808975e-06,3.065141e-05
34200,4.313563e-06,9.630929e-09,1.1982112e-06,5.521405e-06
34300,4.2665524e-06,8.906372e-09,1.166298e-06,5.4417565e-06
34400,7.704077e-06,4.693197e-08,1.4374291e-06,9.188438e-06
34500,4.2536008e-06,8.760482e-09,1.1633509e-06,5.4257125e-06
34600,1.1459783e-05,1.1603433e-08,2.780783e-06,1.4252169e-05
34700,4.2195156e-06,9.010263e-09,1.1675533e-06,5.3960794e-06
34800,5.00624e-06,7.092982e-08,1.3893132e-06,6.466483e-06
34900,4.2031575e-06,8.725212e-09,1.1557788e-06,5.3676617e-06
35000,5.125206e-05,2.933753e-07,9.649912e-06,6.1195344e-05
35100,4.204736e-06,8.593996e-09,1.1572135e-06,5.3705435e-06
35200,4.1748845e-06,8.556689e-09,1.1400191e-06,5.32346e-06
35300,4.3618475e-06,1.1090235e-08,1.1885086e-06,5.5614464e-06
35400,4.1784842e-06,9.299138e-09,1.1512534e-06,5.3390368e-06
35500,4.2162774e-06,9.18465e-09,1.1712959e-06,5.396758e-06
35600,4.1356243e-06,8.742922e-09,1.1311847e-06,5.275552e-06
35700,4.17505e-06,1.404751e-08,1.1926109e-06,5.3817084e-06
35800,4.111638e-06,8.472403e-09,1.1266012e-06,5.2467117e-06
35900,4.526966e-06,2.3800078e-08,1.2968111e-06,5.8475775e-06
36000,4.0987197e-06,8.228969e-09,1.1224149e-06,5.2293635e-06
36100,4.6451173e-06,2.8623145e-08,1.3189706e-06,5.992711e-06
36200,7.303915e-06,2.318296e-07,1.927595e-06,9.463339e-06
36300,4.0608447e-06,8.40837e-09,1.1225052e-06,5.191758e-06
36400,6.376262e-06,1.555263e-07,1.2989882e-06,7.830777e-06
36500,4.047647e-06,8.227078e-09,1.113141e-06,5.1690154e-06
36600,0.00015502269,2.9866515e-06,4.057992e-05,0.00019858926
36700,4.031635e-06,9.110382e-09,1.1266715e-06,5.167417e-06
36800,8.6054e-05,2.9375437e-06,2.1410442e-05,0.00011040199
36900,4.017768e-06,8.434409e-09,1.1095528e-06,5.135755e-06
37000,9.835955e-06,1.4924778e-07,2.3754558e-06,1.2360659e-05
37100,4.0050154e-06,8.1859035e-09,1.1054474e-06,5.1186485e-06
37200,3.979545e-06,8.17412e-09,1.0940062e-06,5.0817252e-06
37300,5.2428795e-06,1.2823037e-08,1.3469811e-06,6.6026837e-06
37400,3.97071e-06,7.964956e-09,1.0914177e-06,5.070093e-06
37500,6.6862444e-06,1.3329947e-08,1.4579276e-06,8.157502e-06
37600,4.06837e-05,3.2743432e-07,1.0501621e-05,5.1512754e-05
37700,3.9594097e-06,8.623794e-09,1.0879529e-06,5.0559865e-06
37800,5.5942846e-06,2.1339254e-08,1.4604752e-06,7.0760993e-06
37900,3.922909e-06,7.994297e-09,1.0800292e-06,5.0109325e-06
38000,4.0402785e-05,1.5553129e-06,3.5195405e-06,4.547764e-05
38100,3.914645e-06,7.878406e-09,1.0806175e-06,5.003141e-06
38200,0.0003807904,2.0107904e-05,8.349559e-05,0.0004843939
38300,3.893317e-06,8.4109955e-09,1.0817766e-06,4.983505e-06
38400,8.352918e-05,1.2047827e-06,2.1141072e-05,0.000105875035
38500,3.8993303e-06,8.315697e-09,1.0778793e-06,4.9855253e-06
38600,3.8607295e-06,7.938894e-09,1.0659776e-06,4.9346463e-06
38700,6.2441554e-06,1.0824181e-07,1.5565633e-06,7.9089605e-06
38800,3.854218e-06,7.744877e-09,1.0644569e-06,4.9264195e-06
38900,0.000110472814,9.623069e-07,2.7532762e-05,0.00013896788
39000,3.823332e-06,8.291115e-09,1.0775534e-06,4.9091764e-06
39100,9.7200555e-06,1.454003e-07,2.300772e-06,1.2166228e-05
39200,3.814312e-06,7.79166e-09,1.059469e-06,4.8815727e-06
39300,8.714971e-05,2.4193982e-06,1.9813e-05,0.00010938211
39400,3.8123146e-06,7.737467e-09,1.0531212e-06,4.873173e-06
39500,3.7900986e-06,8.518084e-09,1.0628535e-06,4.8614697e-06
39600,3.8336884e-06,9.55969e-09,1.0472069e-06,4.890455e-06
39700,6.422801e-05,3.2237617e-06,1.2396531e-05,7.9848294e-05
39800,3.7746995e-06,7.7635205e-09,1.051757e-06,4.83422e-06
39900,3.75603e-06,7.764466e-09,1.0417459e-06,4.8055404e-06
40000,4.491056e-06,3.9858097e-08,1.1239389e-06,5.6548533e-06
40100,3.7479265e-06,7.562969e-09,1.0383086e-06,4.793798e-06
40200,0.00017743382,5.4508946e-06,2.4889621e-05,0.00020777434
40300,9.150577e-05,3.469786e-06,2.0078882e-05,0.00011505444
40400,7.4463032e-06,1.3043825e-07,1.7481674e-06,9.324908e-06
40500,3.7741052e-06,9.4515e-09,1.0307726e-06,4.8143293e-06
40600,4.72582e-06,3.7674727e-08,1.3310264e-06,6.0945213e-06
40700,3.6980719e-06,7.561872e-09,1.0224175e-06,4.7280514e-06
40800,4.016618e-06,1.0178657e-08,1.1165781e-06,5.1433744e-06
40900,4.230095e-06,2.6631806e-08,1.0913607e-06,5.348087e-06
41000,5.560518e-06,6.721528e-08,1.3546595e-06,6.9823927e-06
41100,7.2342523e-06,1.4389543e-07,1.4309276e-06,8.809076e-06
41200,3.6671784e-06,7.450955e-09,1.0262497e-06,4.7008793e-06
41300,4.662195e-06,4.0074458e-08,1.5420869e-06,6.2443564e-06
41400,3.6518643e-06,7.548917e-09,1.026269e-06,4.685682e-06
41500,3.6888305e-06,8.387548e-09,1.0185987e-06,4.7158164e-06
41600,3.6303309e-06,7.4158777e-09,1.0097249e-06,4.6474715e-06
41700,4.0767845e-06,1.1235457e-08,1.1750496e-06,5.26307e-06
41800,3.62829e-06,7.417897e-09,1.0015576e-06,4.637265e-06
41900,3.655847e-06,7.951402e-09,1.0290078e-06,4.6928058e-06
42000,5.699292e-06,1.2702751e-08,1.4940091e-06,7.2060043e-06
42100,3.5974565e-06,7.382698e-09,1.0062377e-06,4.6110767e-06
42200,3.3362143e-05,2.1374531e-07,6.0079365e-06,3.9583825e-05
42300,3.5939927e-06,7.1502093e-09,1.0068898e-06,4.6080327e-06
42400,3.655124e-06,1.1717133e-08,9.724112e-07,4.639252e-06
42500,3.6275521e-06,1.05093205e-08,9.891726e-07,4.627234e-06
42600,3.875512e-06,1.5045082e-08,1.1185896e-06,5.0091467e-06
42700,5.7480775e-05,1.581351e-06,1.16679075e-05,7.073003e-05
42800,3.5571554e-06,7.409639e-09,9.903417e-07,4.554907e-06
42900,2.3507097e-05,6.6005543e-07,3.1597808e-06,2.7326932e-05
43000,3.547202e-06,7.2354283e-09,9.884558e-07,4.5428933e-06
43100,1.3741633e-05,6.323204e-07,2.1654585e-06,1.6539412e-05
43200,3.5186638e-06,7.502583e-09,9.958299e-07,4.521996e-06
43300,4.0262457e-06,9.359532e-09,1.0884689e-06,5.124074e-06
43400,3.5110625e-06,7.309702e-09,9.82996e-07,4.501368e-06
43500,9.855072e-06,3.3469416e-08,1.6203469e-06,1.1508888e-05
43600,3.5057315e-06,7.076295e-09,9.821422e-07,4.4949497e-06
43700,3.7566829e-06,2.783376e-08,1.0912036e-06,4.87572e-06
43800,3.5133016e-06,8.097276e-09,1.0126458e-06,4.534045e-06
43900,3.5881878e-06,1.0679347e-08,9.84734e-07,4.5836014e-06
44000,2.1166223e-05,6.4749776e-07,5.1748584e-06,2.6988579e-05
44100,3.4718119e-06,7.371434e-09,9.708212e-07,4.450005e-06
44200,4.432751e-06,1.5718287e-08,9.632397e-07,5.4117095e-06
44300,3.4543564e-06,7.0679853e-09,9.675935e-07,4.4290177e-06
44400,3.7990726e-06,2.1986477e-08,1.1263999e-06,4.947459e-06
44500,3.4434916e-06,7.2318316e-09,9.722551e-07,4.4229787e-06
44600,3.4922382e-06,7.451062e-09,9.782868e-07,4.477976e-06
44700,3.4263023e-06,7.0186603e-09,9.65271e-07,4.398592e-06
44800,3.5852852e-06,7.08915e-09,1.0369155e-06,4.62929e-06
44900,6.0382267e-06,1.8517075e-07,1.4984298e-06,7.721827e-06
45000,3.686746e-06,1.10004095e-08,1.0874089e-06,4.7851554e-06
45100,3.4512504e-06,9.065562e-09,1.00433e-06,4.464646e-06
45200,3.3939355e-06,7.0421846e-09,9.588376e-07,4.359815e-06
45300,3.6888039e-06,1.2046231e-08,9.323514e-07,4.6332016e-06
45400,3.387815e-06,7.0163564e-09,9.514864e-07,4.346318e-06
45500,4.309808e-06,5.3356064e-08,9.918848e-07,5.355049e-06
45600,1.0272436e-05,2.3923886e-07,3.0067672e-06,1.3518442e-05
45700,3.3729323e-06,7.1620136e-09,9.533865e-07,4.333481e-06
45800,7.616594e-05,2.1203066e-06,1.6730452e-05,9.50167e-05
45900,3.3597412e-06,6.861364e-09,9.522461e-07,4.3188484e-06
46000,8.422432e-06,1.4829031e-07,2.3862772e-06,1.0957e-05
46100,3.3766878e-06,6.7507324e-09,9.55988e-07,4.3394266e-06
46200,9.5096926e-05,4.8156253e-06,1.0743435e-05,0.00011065598
46300,3.3305666e-06,7.137024e-09,9.567175e-07,4.294421e-06
46400,3.9474407e-06,2.7908678e-08,1.0238958e-06,4.9992454e-06
46500,3.3233505e-06,7.028112e-09,9.377849e-07,4.2681636e-06
46600,7.282802e-05,1.11971605e-08,9.8597275e-06,8.269895e-05
46700,3.332694e-06,6.6990475e-09,9.4680087e-07,4.286194e-06
46800,3.3165709e-06,6.8487154e-09,9.3416276e-07,4.257582e-06
46900,4.0830982e-06,2.4254382e-08,9.0551555e-07,5.0128683e-06
47000,9.1466645e-06,8.844573e-08,2.3181692e-06,1.1553279e-05
47100,3.3114354e-06,7.543948e-09,9.565775e-07,4.275557e-06
47200,5.430229e-05,2.099815e-06,1.0669215e-05,6.707132e-05
47300,3.2902685e-06,7.023041e-09,9.26767e-07,4.2240586e-06
47400,8.4368585e-06,2.482177e-07,1.8794649e-06,1.0564541e-05
47500,9.98893e-06,1.2185649e-07,2.0025163e-06,1.21133035e-05
47600,7.195502e-05,1.7547712e-06,1.6460262e-05,9.0170055e-05
47700,3.258779e-06,6.7609953e-09,9.2908095e-07,4.1946214e-06
47800,3.7333425e-06,1.2497106e-08,1.2111846e-06,4.957024e-06
47900,3.3098786e-06,1.0088929e-08,8.9882695e-07,4.2187944e-06
48000,5.8982416e-05,9.2084e-07,1.4364582e-05,7.426784e-05
48100,3.244028e-06,7.089048e-09,9.2044104e-07,4.171558e-06
48200,6.9031817e-06,1.930085e-08,1.5140981e-06,8.436581e-06
48300,3.2244222e-06,6.749846e-09,9.1557456e-07,4.1467465e-06
48400,4.169156e-06,1.7201739e-08,1.1189902e-06,5.3053477e-06
48500,3.2457338e-06,7.774222e-09,9.186097e-07,4.1721178e-06
48600,4.041957e-06,2.942779e-08,1.0293998e-06,5.100784e-06
48700,4.5673523e-06,5.268374e-08,1.5014058e-06,6.121442e-06
48800,3.208249e-06,7.0805464e-09,9.0936214e-07,4.1246913e-06
48900,8.315199e-05,3.198349e-06,2.1246287e-05,0.00010759663
49000,3.2403977e-06,8.526962e-09,9.0882133e-07,4.157746e-06
49100,3.3248532e-06,1.14879395e-08,9.1656085e-07,4.252902e-06
49200,7.798591e-05,2.1316496e-06,1.5012155e-05,9.512972e-05
49300,3.1768345e-06,6.8531554e-09,9.0316183e-07,4.0868495e-06
49400,4.1136445e-06,7.418133e-08,1.1944308e-06,5.3822564e-06
49500,3.1919626e-06,7.886614e-09,9.041339e-07,4.1039834e-06
49600,1.5272579e-05,3.2981174e-07,4.0091245e-06,1.9611514e-05
49700,3.1531354e-06,6.657981e-09,9.0381684e-07,4.06361e-06
49800,7.428078e-05,3.3169806e-06,1.3400646e-05,9.099841e-05
49900,3.1478537e-06,6.783656e-09,9.071843e-07,4.0618215e-06
50000,3.1332352e-06,6.8126136e-09,8.959683e-07,4.036016e-06
50100,3.7192785e-06,8.881187e-09,9.587152e-07,4.686875e-06
50200,3.1287614e-06,6.7151005e-09,8.958917e-07,4.0313685e-06
50300,1.9617659e-05,1.590089e-07,3.1446853e-06,2.2921353e-05
50400,3.1175798e-06,6.6114354e-09,8.9695465e-07,4.021146e-06
50500,2.1390626e-05,1.1615523e-07,5.686076e-06,2.7192857e-05
50600,3.1383358e-06,6.6582033e-09,9.0955626e-07,4.0545506e-06
50700,3.1037166e-06,6.7486914e-09,8.9013804e-07,4.0006034e-06
50800,3.7234254e-06,4.592893e-08,8.88599e-07,4.6579535e-06
50900,3.0953172e-06,6.7202968e-09,8.8766654e-07,3.989704e-06
51000,0.000116143834,3.949382e-06,2.5027646e-05,0.00014512085
51100,3.0912342e-06,6.712658e-09,8.8921183e-07,3.987159e-06
51200,3.0756378e-06,6.7117822e-09,8.8162e-07,3.9639694e-06
51300,3.1909133e-06,7.2136848e-09,8.8768866e-07,4.0858154e-06
51400,3.6892518e-06,2.9761235e-08,1.1093183e-06,4.8283314e-06
51500,0.00023412463,7.744687e-06,5.5185028e-05,0.00029705433
51600,3.0683461e-06,6.544023e-09,8.9242275e-07,3.9673128e-06
51700,1.2368688e-05,3.0387724e-07,2.6902499e-06,1.5362815e-05
51800,3.0527576e-06,6.4488375e-09,8.810253e-07,3.9402316e-06
51900,4.4104613e-06,2.5271271e-08,1.2902266e-06,5.725959e-06
52000,3.235003e-06,1.2296866e-08,9.641949e-07,4.211495e-06
52100,0.00010007428,2.7567335e-06,2.0755233e-05,0.00012358624
52200,3.0345102e-06,6.4813093e-09,8.792391e-07,3.920231e-06
52300,6.70032e-05,1.6531782e-06,1.6885562e-05,8.554194e-05
52400,3.0287526e-06,6.469034e-09,8.737463e-07,3.908968e-06
52500,7.923296e-06,1.6551685e-07,1.1332047e-06,9.222018e-06
52600,5.013696e-06,5.9982945e-08,1.5133487e-06,6.5870277e-06
52700,1.5830834e-05,3.5212932e-07,3.4843956e-06,1.9667359e-05
52800,3.0270764e-06,7.4157755e-09,8.6614375e-07,3.900636e-06
52900,2.9948264e-06,6.5252914e-09,8.6610044e-07,3.867452e-06
53000,3.4064385e-06,8.317521e-09,1.0336119e-06,4.4483677e-06
53100,2.9942998e-06,6.570187e-09,8.6699754e-07,3.8678677e-06
53200,5.0575167e-05,1.8143244e-06,9.44904e-06,6.183853e-05
53300,2.9886467e-06,6.537904e-09,8.6457777e-07,3.8597623e-06
53400,3.0915835e-06,8.965905e-09,9.540227e-07,4.054572e-06
53500,4.5530965e-06,6.32941e-08,1.1146757e-06,5.7310663e-06
53600,2.9783212e-06,6.7885866e-09,8.603302e-07,3.84544e-06
53700,7.868051e-06,1.2220417e-07,1.9468732e-06,9.937129e-06
53800,2.9599137e-06,6.365383e-09,8.597608e-07,3.82604e-06
53900,9.7569655e-06,2.2423984e-08,1.0537518e-06,1.0833141e-05
54000,2.9605922e-06,6.636468e-09,8.6074584e-07,3.8279745e-06
54100,2.9624043e-06,6.812448e-09,8.767864e-07,3.8460034e-06
54200,2.9769565e-06,6.727027e-09,8.8477725e-07,3.8684607e-06
54300,2.940416e-06,6.4971437e-09,8.534265e-07,3.8003398e-06
54400,3.4551413e-05,1.1691384e-06,3.860527e-06,3.958108e-05
54500,2.933627e-06,6.37988e-09,8.606651e-07,3.800672e-06
54600,5.011306e-05,7.600951e-07,9.171304e-06,6.004446e-05
54700,2.9300506e-06,6.371934e-09,8.555364e-07,3.791959e-06
54800,2.917476e-06,6.5962054e-09,8.458589e-07,3.769931e-06
54900,3.2693074e-06,1.7644107e-08,9.663802e-07,4.253332e-06
55000,2.9124278e-06,6.4382646e-09,8.460339e-07,3.7649002e-06
55100,3.830732e-06,3.870412e-08,8.260426e-07,4.6954788e-06
55200,1.27851e-05,3.208451e-07,3.0641095e-06,1.6170054e-05
55300,2.8991374e-06,6.4129395e-09,8.509795e-07,3.7565296e-06
55400,3.0482636e-06,8.9213765e-09,9.0920844e-07,3.9663933e-06
55500,2.890992e-06,6.513654e-09,8.434582e-07,3.7409638e-06
55600,2.0880896e-05,3.882197e-07,4.2517822e-06,2.5520898e-05
55700,2.8866943e-06,6.2890253e-09,8.44575e-07,3.7375582e-06
55800,1.6742239e-05,8.4997845e-07,1.9046447e-06,1.9496862e-05
55900,4.4919e-06,5.316749e-08,1.3000808e-06,5.8451487e-06
56000,1.0725627e-05,2.1076903e-07,2.457529e-06,1.3393926e-05
56100,2.8856448e-06,6.4597243e-09,8.5825695e-07,3.7503614e-06
56200,3.6574584e-05,2.1746398e-06,4.0773366e-06,4.282656e-05
56300,2.8555266e-06,6.244895e-09,8.424497e-07,3.7042212e-06
56400,2.9805792e-06,1.20072885e-08,8.688244e-07,3.8614107e-06
56500,5.5020687e-06,3.7408327e-08,1.1695433e-06,6.7090205e-06
56600,3.2343175e-06,1.9873662e-08,8.723491e-07,4.1265407e-06
56700,2.8655068e-06,6.216461e-09,8.628108e-07,3.734534e-06
56800,7.3181395e-06,1.0985931e-07,1.2996386e-06,8.727638e-06
56900,4.7098315e-06,6.459571e-08,1.117976e-06,5.892403e-06
57000,2.828057e-06,6.1751537e-09,8.364908e-07,3.6707231e-06
57100,2.8674388e-06,6.2321517e-09,8.4970986e-07,3.7233806e-06
57200,3.406043e-06,1.6863101e-08,1.3351284e-06,4.7580343e-06
57300,3.7703344e-06,3.813821e-08,9.641793e-07,4.772652e-06
57400,4.258979e-06,7.342534e-08,1.1117457e-06,5.4441502e-06
57500,2.8115655e-06,6.412134e-09,8.2394604e-07,3.6419237e-06
57600,3.1567454e-06,6.868362e-09,9.1486027e-07,4.0784744e-06
57700,3.0454714e-05,3.9376818e-07,7.044766e-06,3.7893245e-05
57800,2.8000652e-06,6.0927947e-09,8.31496e-07,3.637654e-06
57900,0.0002298728,5.0894914e-06,5.524322e-05,0.00029020553
58000,2.8034885e-06,6.7334076e-09,8.210279e-07,3.63125e-06
58100,5.1191942e-05,1.0502914e-06,4.6728874e-06,5.6915123e-05
58200,2.9336413e-06,1.0789755e-08,8.2981643e-07,3.7742475e-06
58300,4.125934e-06,2.7429229e-08,1.2538319e-06,5.407195e-06
58400,3.13267e-06,1.3092093e-08,9.394829e-07,4.085245e-06
58500,2.8153802e-06,5.992405e-09,8.320923e-07,3.653465e-06
58600,5.9420567e-05,3.7417267e-06,8.109618e-06,7.127191e-05
58700,4.2634715e-06,3.2963055e-08,1.0282789e-06,5.3247136e-06
58800,5.3166204e-06,3.2533762e-08,1.6698024e-06,7.0189562e-06
58900,2.7544963e-06,6.309395e-09,8.16167e-07,3.5769729e-06
59000,5.222954e-06,2.5505539e-08,1.4834262e-06,6.7318856e-06
59100,2.7528372e-06,6.1650196e-09,8.1502935e-07,3.5740316e-06
59200,8.630717e-06,3.3612787e-07,2.2696133e-06,1.1236458e-05
59300,1.9088346e-05,3.368108e-07,3.7213763e-06,2.3146533e-05
59400,2.693931e-05,3.0999093e-08,3.6837664e-06,3.0654075e-05
59500,5.6777855e-05,2.0658658e-06,1.3587322e-05,7.243104e-05
59600,2.7578149e-06,7.590661e-09,8.0690336e-07,3.5723087e-06
59700,2.757537e-06,8.26369e-09,7.968578e-07,3.5626585e-06
59800,2.7567576e-06,6.3690884e-09,8.5212685e-07,3.6152537e-06
59900,2.7206918e-06,6.1688716e-09,8.0712977e-07,3.5339904e-06
60000,3.5622209e-06,2.9988502e-08,9.774697e-07,4.569679e-06
60100,2.9252185e-06,6.910544e-09,8.6916714e-07,3.801296e-06
60200,2.7311546e-06,7.385239e-09,7.99713e-07,3.538253e-06
60300,2.839133e-06,7.562952e-09,8.6026864e-07,3.7069644e-06
60400,2.698585e-06,6.141613e-09,8.017182e-07,3.5064447e-06
60500,3.3189142e-06,2.7720409e-08,9.628741e-07,4.3095088e-06
60600,2.8138022e-06,7.491088e-09,8.4581234e-07,3.6671056e-06
60700,2.7269152e-06,7.758698e-09,7.920668e-07,3.5267408e-06
60800,2.8554489e-06,8.994682e-09,8.5766715e-07,3.7221107e-06
60900,2.6854627e-06,6.1776833e-09,8.0064535e-07,3.492286e-06
61000,7.653573e-05,2.065161e-06,1.269877e-05,9.129967e-05
61100,2.68524e-06,6.4693424e-09,7.9752425e-07,3.4892334e-06
61200,7.254133e-06,1.709805e-07,1.4528246e-06,8.877938e-06
61300,8.924322e-05,2.3905377e-06,1.723532e-05,0.00010886908
61400,2.6738583e-06,5.9602585e-09,8.025284e-07,3.4823468e-06
61500,2.6618932e-06,6.1337873e-09,7.944679e-07,3.462495e-06
61600,4.8241504e-06,5.0492112e-08,1.3217044e-06,6.196347e-06
61700,2.6604744e-06,6.0558536e-09,7.946581e-07,3.4611883e-06
61800,2.854482e-06,7.454934e-09,8.4851746e-07,3.7104544e-06
61900,2.7641963e-06,6.5691284e-09,8.461914e-07,3.6169567e-06
62000,2.650663e-06,6.274797e-09,7.9251754e-07,3.4494553e-06
62100,2.3158203e-05,5.774995e-07,3.410521e-06,2.7146225e-05
62200,2.646842e-06,5.7844995e-09,7.9639517e-07,3.4490215e-06
62300,2.635567e-06,6.145963e-09,7.8604097e-07,3.4277539e-06
62400,2.6884081e-06,9.075266e-09,7.971318e-07,3.4946152e-06
62500,2.659101e-06,5.8741847e-09,8.1421166e-07,3.479187e-06
62600,2.6245343e-06,6.0298775e-09,7.898591e-07,3.4204234e-06
62700,3.2159762e-06,2.0223757e-08,9.234402e-07,4.1596404e-06
62800,2.6208834e-06,6.0591687e-09,7.8708956e-07,3.4140323e-06
62900,5.4126747e-05,9.2397903e-07,2.5683015e-05,8.073374e-05
63000,2.6220182e-06,5.901703e-09,7.877489e-07,3.4156687e-06
63100,1.837312e-05,5.0211673e-07,1.5982664e-06,2.0473504e-05
63200,3.0185298e-05,8.11704e-07,5.718897e-06,3.67159e-05
63300,2.6050784e-06,5.8667182e-09,7.855393e-07,3.3964843e-06
63400,3.861677e-06,2.822056e-08,9.0382974e-07,4.793728e-06
63500,2.6000573e-06,5.9232077e-09,7.8206494e-07,3.3880456e-06
63600,4.6344876e-06,1.3577349e-07,8.592639e-07,5.629525e-06
63700,3.192225e-06,2.4577517e-08,8.6655155e-07,4.0833543e-06
63800,4.196078e-06,6.9342576e-08,1.333849e-06,5.5992696e-06
63900,2.583701e-06,5.948568e-09,7.797367e-07,3.3693861e-06
64000,3.1860689e-06,7.946553e-09,1.6698496e-06,4.8638653e-06
64100,2.5845973e-06,6.361921e-09,7.725422e-07,3.3635015e-06
64200,2.6261519e-06,5.810624e-09,7.914699e-07,3.4234324e-06
64300,2.6081182e-06,6.0827987e-09,8.042165e-07,3.4184172e-06
64400,3.0414509e-05,7.176144e-07,6.594367e-06,3.7726488e-05
64500,2.587504e-06,5.726773e-09,7.7803935e-07,3.3712702e-06
64600,1.4191577e-05,1.0395778e-08,1.235554e-06,1.5437527e-05
64700,3.0959939e-06,1.3861e-08,9.481473e-07,4.058002e-06
64800,2.6128023e-06,5.6207385e-09,8.553767e-07,3.4737996e-06
64900,5.4352904e-06,7.116408e-08,1.5679534e-06,7.0744077e-06
65000,2.5775998e-06,7.449576e-09,7.766953e-07,3.3617448e-06
65100,6.576276e-05,1.8010982e-06,3.9034862e-06,7.1467344e-05
65200,2.540754e-06,5.80067e-09,7.794767e-07,3.3260314e-06
65300,2.6082337e-06,5.677593e-09,7.964854e-07,3.4103966e-06
65400,2.5323843e-06,5.8195724e-09,7.703321e-07,3.308536e-06
65500,2.7617666e-06,1.6756278e-08,7.631875e-07,3.5417104e-06
65600,2.5289173e-06,5.9492864e-09,7.6649627e-07,3.3013628e-06
65700,1.0108289e-05,5.188055e-08,1.697006e-06,1.1857175e-05
65800,2.5834427e-06,6.0258345e-09,7.980618e-07,3.3875303e-06
65900,2.5932482e-06,8.489733e-09,7.672623e-07,3.369e-06
66000,0.00014294445,3.729924e-06,2.7688962e-05,0.00017436333
66100,2.5167637e-06,5.8224456e-09,7.6505273e-07,3.287639e-06
66200,3.817329e-06,7.071881e-08,1.0436597e-06,4.9317073e-06
66300,2.5813333e-06,6.070619e-09,7.924564e-07,3.3798603e-06
66400,5.2641526e-06,6.8277586e-08,1.5772692e-06,6.9096996e-06
66500,2.5103195e-06,5.486581e-09,7.794808e-07,3.295287e-06
66600,2.4975059e-06,5.8649947e-09,7.607165e-07,3.2640876e-06
66700,4.054487e-06,9.45865e-09,1.1395869e-06,5.2035325e-06
66800,9.544734e-06,2.8036715e-07,2.6455705e-06,1.2470672e-05
66900,2.5030076e-06,5.5056084e-09,7.769222e-07,3.2854355e-06
67000,2.4806936e-06,5.672419e-09,7.5988737e-07,3.2462535e-06
67100,2.5747684e-06,5.5300133e-09,7.9669513e-07,3.3769934e-06
67200,2.4884014e-06,5.747915e-09,7.5888386e-07,3.2530334e-06
67300,2.4770827e-06,5.822117e-09,7.534429e-07,3.2363478e-06
67400,5.0162525e-05,8.0174067e-07,8.668617e-06,5.9632883e-05
67500,9.627664e-06,1.7637964e-07,2.3044208e-06,1.2108464e-05
67600,6.0637144e-06,1.06997526e-07,1.1794668e-06,7.3501787e-06
67700,0.0002864613,7.4364375e-06,7.603763e-05,0.00036993535
67800,2.4861574e-06,6.5754393e-09,7.48306e-07,3.2410387e-06
67900,2.4550543e-06,5.531666e-09,7.5329797e-07,3.213884e-06
68000,2.488055e-06,7.289286e-09,7.473017e-07,3.2426462e-06
68100,2.6193563e-06,8.931574e-09,8.259026e-07,3.4541904e-06
68200,7.1222844e-06,1.2280623e-07,1.5467928e-06,8.791883e-06
68300,2.449731e-06,5.4835505e-09,7.540546e-07,3.2092692e-06
68400,4.3142692e-05,1.1468017e-06,9.084598e-06,5.337409e-05
68500,2.4474052e-06,5.7695955e-09,7.479829e-07,3.2011578e-06
68600,5.1330644e-06,2.875277e-08,9.596135e-07,6.1214305e-06
68700,2.711548e-06,1.0176133e-08,8.5907095e-07,3.580795e-06
68800,2.7791816e-06,1.6611583e-08,7.766263e-07,3.5724195e-06
68900,5.1806896e-06,7.852562e-08,1.2123533e-06,6.4715687e-06
69000,2.4239805e-06,5.594358e-09,7.4554293e-07,3.1751179e-06
69100,2.4636706e-06,4.8603477e-09,8.126196e-07,3.2811506e-06
69200,7.800827e-06,2.7488676e-07,1.5154351e-06,9.591148e-06
69300,2.7369975e-05,4.891907e-07,1.0157259e-05,3.8016427e-05
69400,2.413902e-06,5.7266374e-09,7.4402635e-07,3.163655e-06
69500,3.6987822e-06,2.3578867e-08,9.027756e-07,4.625136e-06
69600,2.406211e-06,5.733449e-09,7.4054185e-07,3.1524864e-06
69700,3.1310105e-05,6.7330257e-07,6.6686134e-06,3.865202e-05
69800,1.0058002e-05,2.1918882e-07,2.4709298e-06,1.2748121e-05
69900,2.5279826e-06,7.0694055e-09,7.926177e-07,3.3276697e-06
70000,2.441874e-06,7.717164e-09,7.3432454e-07,3.1839154e-06
70100,4.7614918e-05,1.3750339e-06,1.0610509e-05,5.960046e-05
70200,2.391017e-06,5.276436e-09,7.4272884e-07,3.1390223e-06
70300,4.258506e-06,5.7269083e-09,9.592007e-07,5.223434e-06
70400,2.383228e-06,5.5358504e-09,7.37847e-07,3.126611e-06
70500,6.6487837e-06,3.7139053e-08,1.2781883e-06,7.964111e-06
70600,2.3806995e-06,5.5343863e-09,7.3623994e-07,3.1224736e-06
70700,3.113044e-05,4.0421787e-07,5.479332e-06,3.701399e-05
70800,7.282235e-05,9.861033e-07,1.5340398e-05,8.914885e-05
70900,2.385198e-06,5.2095013e-09,7.462243e-07,3.136632e-06
71000,2.363178e-06,5.515761e-09,7.3405255e-07,3.1027464e-06
71100,2.4358712e-06,6.9578454e-09,7.80956e-07,3.2237851e-06
71200,2.3593782e-06,5.5769966e-09,7.313142e-07,3.0962694e-06
71300,2.7495912e-06,2.494753e-08,9.802844e-07,3.754823e-06
71400,3.0230947e-06,2.6345413e-08,8.2095437e-07,3.8703943e-06
71500,5.868333e-05,1.4606004e-06,1.1289959e-05,7.143389e-05
71600,2.3512155e-06,5.295239e-09,7.325068e-07,3.0890176e-06
71700,1.5472546e-05,2.687203e-07,2.087104e-06,1.7828372e-05
71800,2.630539e-06,9.168913e-09,8.2673137e-07,3.4664392e-06
71900,3.102094e-06,1.977725e-08,8.850305e-07,4.006902e-06
72000,3.4279092e-06,3.864606e-08,8.963995e-07,4.3629548e-06
72100,2.3456082e-06,5.745555e-09,7.2678546e-07,3.0781391e-06
72200,2.3912266e-06,8.7464525e-09,7.06607e-07,3.10658e-06
72300,1.4454407e-05,3.3067985e-07,3.672439e-06,1.8457526e-05
72400,3.4009465e-06,3.6623796e-08,8.859813e-07,4.323552e-06
72500,2.7909177e-06,1.5885671e-08,8.9500077e-07,3.7018042e-06
72600,1.0329871e-05,1.8139917e-07,2.5059599e-06,1.301723e-05
72700,1.1059663e-05,2.993249e-07,1.5590514e-06,1.2918039e-05
72800,2.3874964e-06,8.9501535e-09,7.7132e-07,3.1677664e-06
72900,3.0662798e-06,9.269739e-09,7.6771505e-07,3.8432645e-06
73000,1.3423114e-05,7.64582e-07,2.8492695e-06,1.7036966e-05
73100,2.7274573e-06,1.116098e-08,8.490759e-07,3.5876942e-06
73200,2.909085e-06,1.388108e-08,1.0975023e-06,4.020468e-06
73300,2.2994586e-06,5.6527663e-09,7.162247e-07,3.0213362e-06
73400,3.2276678e-06,5.5089593e-08,8.840111e-07,4.1667686e-06
73500,2.2937295e-06,5.7205485e-09,7.155414e-07,3.0149913e-06
73600,2.3798068e-06,5.9120198e-09,7.538212e-07,3.13954e-06
73700,2.286206e-06,5.4550844e-09,7.147819e-07,3.006443e-06
73800,4.9876458e-06,1.902425e-07,8.69707e-07,6.0475954e-06
73900,2.370379e-06,8.299644e-09,7.1783427e-07,3.096513e-06
74000,2.3275813e-06,5.252467e-09,7.411718e-07,3.0740057e-06
74100,2.2741135e-06,5.493276e-09,7.122148e-07,2.9918217e-06
74200,2.5911704e-06,1.4985211e-08,7.3101546e-07,3.3371712e-06
74300,2.2767153e-06,5.4321725e-09,7.132367e-07,2.9953842e-06
74400,2.2645443e-06,5.274591e-09,7.1179767e-07,2.9816165e-06
74500,5.8876034e-05,1.3805342e-06,1.133101e-05,7.158758e-05
74600,2.9319265e-06,2.6603512e-08,7.242563e-07,3.6827862e-06
74700,8.612637e-05,2.049597e-06,1.7122298e-05,0.00010529826
74800,2.2743338e-06,6.4405405e-09,7.0417775e-07,2.984952e-06
74900,2.308258e-06,6.2332277e-09,7.023242e-07,3.0168153e-06
75000,2.4946947e-05,3.2726493e-07,4.1196517e-06,2.9393865e-05
75100,2.2478882e-06,5.264009e-09,7.0790423e-07,2.9610565e-06
75200,2.5677687e-06,2.3972266e-08,7.336346e-07,3.3253755e-06
75300,6.632377e-06,1.5804187e-07,1.7894947e-06,8.579914e-06
75400,2.2659617e-06,4.9407816e-09,7.1792203e-07,2.9888247e-06
75500,8.760977e-06,8.8208374e-08,2.2914037e-06,1.1140589e-05
75600,2.2459394e-06,4.9182214e-09,7.170718e-07,2.9679295e-06
75700,0.0001508847,9.716228e-06,2.9850835e-05,0.00019045177
75800,2.2321892e-06,5.455097e-09,7.028867e-07,2.940531e-06
75900,2.8458694e-06,4.319522e-08,7.38139e-07,3.6272038e-06
76000,2.2265817e-06,5.3875207e-09,7.020757e-07,2.9340451e-06
76100,2.2188763e-06,5.156669e-09,7.02025e-07,2.926058e-06
76200,2.3021958e-06,7.765461e-09,7.1702084e-07,3.026982e-06
76300,2.2159622e-06,5.447647e-09,6.9808056e-07,2.9194905e-06
76400,2.7497326e-06,2.5883574e-08,8.785549e-07,3.654171e-06
76500,2.2098538e-06,5.2589297e-09,6.9762797e-07,2.9127407e-06
76600,2.4861642e-06,2.418019e-08,7.338985e-07,3.244243e-06
76700,2.2059544e-06,5.347131e-09,6.953824e-07,2.906684e-06
76800,7.207221e-05,1.8002178e-06,1.9886145e-05,9.375857e-05
76900,2.2043778e-06,5.1739386e-09,6.955329e-07,2.9050846e-06
77000,5.3607196e-06,1.2735272e-07,1.1402133e-06,6.6282855e-06
77100,2.1448224e-05,4.1534273e-07,4.3231203e-06,2.6186686e-05
77200,2.1955834e-06,5.5113376e-09,6.9065857e-07,2.8917532e-06
77300,6.4107175e-05,1.7558275e-06,1.06002435e-05,7.646324e-05
77400,2.19384e-06,5.4649543e-09,6.9012896e-07,2.8894337e-06
77500,8.743604e-05,4.9133905e-06,1.17396485e-05,0.00010408908
77600,3.118094e-06,4.3215827e-08,7.799921e-07,3.941302e-06
77700,2.170348e-05,6.1294116e-07,2.956052e-06,2.5272473e-05
77800,2.1848343e-06,4.946999e-09,6.932446e-07,2.883026e-06
77900,2.3526188e-06,1.4051108e-08,7.8647236e-07,3.1531422e-06
78000,4.96784e-05,3.150944e-06,8.138246e-06,6.096759e-05
78100,2.4414471e-06,1.1581307e-08,7.87556e-07,3.2405844e-06
78200,3.5472178e-06,4.9408914e-08,8.8658976e-07,4.4832163e-06
78300,2.4089543e-06,1.4382012e-08,6.799437e-07,3.10328e-06
78400,2.4057138e-06,4.926025e-09,7.3053104e-07,3.1411707e-06
78500,3.7893014e-06,1.0767185e-07,1.0888758e-06,4.985849e-06
78600,3.964749e-05,2.1155893e-07,5.7162524e-06,4.55753e-05
78700,2.156753e-06,5.7206146e-09,6.763765e-07,2.8388502e-06
78800,2.2453862e-06,9.902261e-09,6.791338e-07,2.9344224e-06
78900,4.0669233e-06,6.7767665e-08,1.2811281e-06,5.4158195e-06
79000,2.1665385e-06,4.8643565e-09,6.95443e-07,2.866846e-06
79100,8.9010406e-05,4.839996e-06,1.064214e-05,0.000104492545
79200,2.1503286e-06,4.9045616e-09,6.9546263e-07,2.8506956e-06
79300,2.1745382e-06,6.4369203e-09,6.745783e-07,2.8555535e-06
79400,0.00013749313,3.655997e-06,2.9118524e-05,0.00017026765
79500,2.1360368e-06,5.1478137e-09,6.773616e-07,2.8185461e-06
79600,2.3548666e-05,4.636361e-08,1.5837339e-05,3.9432365e-05
79700,2.1260835e-06,4.9855613e-09,6.772679e-07,2.808337e-06
79800,3.233695e-06,2.3009486e-08,6.5963957e-07,3.9163438e-06
79900,2.627978e-06,1.2567462e-08,8.1645965e-07,3.4570048e-06
80000,3.5736062e-05,8.8184805e-07,6.4056057e-06,4.302352e-05
80100,2.11601e-06,5.300336e-09,6.694071e-07,2.7907174e-06
80200,2.9221912e-06,2.3691333e-08,9.0395804e-07,3.8498406e-06
80300,1.2931434e-05,3.1331712e-07,1.7231944e-06,1.4967945e-05
80400,0.00015979943,3.8285298e-06,3.353708e-05,0.00019716505
80500,2.1099295e-06,5.4169913e-09,6.672716e-07,2.7826181e-06
80600,8.411044e-06,1.8850866e-07,5.424172e-06,1.4023724e-05
80700,2.1001422e-06,5.135268e-09,6.674698e-07,2.7727472e-06
80800,5.5996547e-06,1.7631345e-08,1.0067322e-06,6.624018e-06
80900,7.026063e-05,1.4091593e-06,1.3812544e-05,8.548233e-05
81000,3.8432285e-05,8.999077e-07,1.3036343e-05,5.2368538e-05
81100,2.1250494e-06,7.690884e-09,6.552994e-07,2.7880396e-06
81200,2.132025e-06,8.361505e-09,6.538829e-07,2.7942692e-06
81300,4.3989272e-05,2.1915464e-06,9.729212e-06,5.591003e-05
81400,4.1917152e-05,1.0335424e-06,7.891191e-06,5.0841885e-05
81500,2.1958385e-06,5.8854113e-09,7.052118e-07,2.9069356e-06
81600,2.1283688e-06,4.920053e-09,6.853257e-07,2.8186146e-06
81700,2.5414438e-05,1.2158096e-06,6.1370624e-06,3.2767308e-05
81800,2.4118087e-06,2.1340153e-08,6.968856e-07,3.1300344e-06
81900,2.0830553e-06,4.668319e-09,6.6910496e-07,2.7568285e-06
82000,2.4335839e-06,1.0118847e-08,7.7097843e-07,3.214681e-06
82100,2.6027517e-06,1.3981958e-08,8.0925696e-07,3.4259906e-06
82200,2.1032138e-06,7.595102e-09,6.5294756e-07,2.7637566e-06
82300,2.4516548e-06,1.0112258e-08,7.140968e-07,3.1758639e-06
82400,2.5944662e-06,1.7491569e-08,9.1705374e-07,3.5290116e-06
82500,2.053478e-06,5.368483e-09,6.5171577e-07,2.7105623e-06
82600,2.3824266e-06,5.626132e-09,6.9347857e-07,3.0815313e-06
82700,2.0493223e-06,5.499628e-09,6.4953736e-07,2.7043593e-06
82800,3.3013763e-05,5.9305296e-07,5.952256e-06,3.9559072e-05
82900,2.1248436e-06,5.2223323e-09,6.852947e-07,2.8153606e-06
83000,2.1290336e-06,4.9961777e-09,6.7971877e-07,2.8137486e-06
83100,1.2623955e-05,1.9380977e-07,6.436041e-06,1.9253806e-05
83200,2.0392445e-06,5.568025e-09,6.459474e-07,2.6907599e-06
83300,2.7196955e-05,5.464632e-07,4.5305997e-06,3.227402e-05
83400,1.9549434e-05,4.57505e-07,3.880761e-06,2.38877e-05
83500,2.068439e-06,7.3521873e-09,6.411009e-07,2.716892e-06
83600,2.2127874e-06,6.963804e-09,6.948977e-07,2.9146488e-06
83700,2.6430487e-05,7.491449e-07,1.32422965e-05,4.0421928e-05
83800,2.0175669e-06,4.863776e-09,6.4904793e-07,2.6714786e-06
83900,3.0235906e-06,5.1083873e-08,7.709863e-07,3.845661e-06
84000,2.016983e-06,5.0815623e-09,6.4438564e-07,2.6664502e-06
84100,3.0071764e-05,9.997087e-07,6.4199257e-06,3.7491398e-05
84200,2.9280868e-06,2.597666e-08,9.051455e-07,3.859209e-06
84300,2.0658708e-06,7.987411e-09,6.3798234e-07,2.7118406e-06
84400,3.3777364e-05,6.535341e-07,7.798706e-06,4.2229603e-05
84500,2.007032e-06,5.1035554e-09,6.406129e-07,2.6527484e-06
84600,5.7526635e-05,3.5563712e-06,8.591569e-06,6.967458e-05
84700,3.3621168e-06,3.6152358e-08,1.0117271e-06,4.409996e-06
84800,7.522986e-06,1.5692069e-07,1.6169508e-06,9.296858e-06
84900,5.6802524e-05,1.2784857e-06,1.1540037e-05,6.962105e-05
85000,2.0027878e-06,6.0635146e-09,6.318546e-07,2.640706e-06
85100,2.4249707e-06,1.7520298e-08,6.696106e-07,3.1121015e-06
85200,8.041514e-06,3.0486848e-07,1.9603294e-06,1.0306711e-05
85300,1.56236e-05,5.716524e-07,3.0164592e-06,1.9211711e-05
85400,1.9907702e-06,5.154058e-09,6.369823e-07,2.6329067e-06
85500,1.9771633e-06,5.0991154e-09,6.3400694e-07,2.6162693e-06
85600,4.8337465e-06,3.845115e-08,1.6103276e-06,6.4825254e-06
85700,6.144048e-05,1.3964512e-06,1.3347728e-05,7.618466e-05
85800,2.9898607e-05,7.0892645e-07,5.43504e-06,3.6042573e-05
85900,3.9451086e-05,1.6272555e-06,4.2675388e-06,4.534588e-05
86000,3.624855e-05,6.036413e-07,6.6542907e-06,4.3506487e-05
86100,5.205861e-06,1.009053e-07,9.876833e-07,6.2944496e-06
86200,1.9503686e-05,3.7123422e-07,5.486322e-06,2.5361242e-05
86300,2.046781e-06,1.1412735e-08,6.1675365e-07,2.6749474e-06
86400,1.9855838e-06,4.8706807e-09,6.6843313e-07,2.6588875e-06
86500,2.1035019e-05,6.579221e-07,4.43142e-06,2.6124362e-05
86600,1.9486085e-06,4.8263415e-09,6.2773165e-07,2.5811664e-06
86700,4.3046907e-06,1.7061005e-08,7.87776e-07,5.109528e-06
86800,1.9431386e-06,4.933482e-09,6.249659e-07,2.573038e-06
86900,3.1433456e-06,3.694491e-08,1.4957468e-06,4.6760374e-06
87000,1.942642e-06,5.1157456e-09,6.22567e-07,2.5703246e-06
87100,6.9056034e-05,8.0389935e-07,2.8954355e-06,7.275537e-05
87200,1.9390477e-06,5.320661e-09,6.195568e-07,2.5639254e-06
87300,2.214374e-06,5.886747e-09,9.39154e-07,3.1594147e-06
87400,1.928521e-06,5.062178e-09,6.198795e-07,2.5534628e-06
87500,2.228101e-06,4.968052e-09,6.819947e-07,2.9150638e-06
87600,1.9214178e-06,5.003879e-09,6.202508e-07,2.5466725e-06
87700,2.158914e-06,5.11182e-09,6.1208976e-07,2.7761155e-06
87800,1.9310305e-06,4.390606e-09,6.2917e-07,2.5645911e-06
87900,2.01401e-06,4.764428e-09,6.497385e-07,2.668513e-06
88000,1.9137428e-06,5.030103e-09,6.1589367e-07,2.5346667e-06
88100,2.9438982e-06,5.945747e-08,7.237751e-07,3.727131e-06
88200,1.9094696e-06,5.0576525e-09,6.145634e-07,2.5290906e-06
88300,1.04968e-05,6.3448695e-08,1.6210747e-06,1.2181324e-05
88400,2.1900082e-06,1.7623657e-08,6.388537e-07,2.8464856e-06
88500,2.015024e-06,5.419796e-09,6.563762e-07,2.67682e-06
88600,1.9004616e-06,4.9190696e-09,6.120505e-07,2.517431e-06
88700,8.222731e-06,1.0610462e-07,1.8453919e-06,1.0174227e-05
88800,1.90091e-06,5.696781e-09,6.059943e-07,2.5126012e-06
88900,2.8091604e-06,1.2954848e-08,8.890464e-07,3.7111618e-06
89000,1.9087315e-06,4.3620085e-09,6.279518e-07,2.5410452e-06
89100,4.0607324e-06,4.5407578e-08,1.9280394e-06,6.034179e-06
89200,1.8852644e-06,4.648134e-09,6.124844e-07,2.5023971e-06
89300,0.00010289,2.1271258e-07,1.5126798e-05,0.00011822951
89400,1.892028e-06,5.977627e-09,6.0312556e-07,2.5011311e-06
89500,4.97578e-05,2.2352101e-07,4.3138766e-06,5.4295197e-05
89600,1.882211e-06,4.478471e-09,6.1529147e-07,2.501981e-06
89700,2.0012242e-06,8.996781e-09,6.1742503e-07,2.627646e-06
89800,1.8726482e-06,4.54483e-09,6.1084813e-07,2.488041e-06
89900,1.8641492e-06,4.803071e-09,6.0469677e-07,2.4736491e-06
90000,2.2069023e-06,2.2119611e-08,7.208454e-07,2.9498672e-06
90100,1.8595786e-06,4.8450066e-09,6.033477e-07,2.4677713e-06
90200,2.5249428e-06,5.0303328e-08,6.090564e-07,3.1843024e-06
90300,2.7580825e-06,4.4975392e-09,1.4521396e-06,4.2147194e-06
90400,1.8560762e-06,5.021408e-09,5.9999746e-07,2.461095e-06
90500,2.6332714e-06,1.7070127e-08,8.2039287e-07,3.4707343e-06
90600,1.8492085e-06,5.0470947e-09,5.984559e-07,2.4527114e-06
90700,2.661798e-06,4.9804402e-08,8.971432e-07,3.6087454e-06
90800,1.8418564e-06,4.898259e-09,5.9883035e-07,2.445585e-06
90900,2.5660609e-06,3.850504e-08,9.52647e-07,3.557213e-06
91000,1.8786527e-06,7.1674373e-09,5.936547e-07,2.479475e-06
91100,1.9295287e-06,8.145226e-09,6.009651e-07,2.5386391e-06
91200,4.8771075e-05,1.0581145e-06,1.1045573e-05,6.087476e-05
91300,1.8433726e-06,5.020051e-09,6.001183e-07,2.448511e-06
91400,1.7585393e-05,8.5261456e-07,4.6021437e-06,2.3040151e-05
91500,6.822297e-06,1.432362e-07,1.5811326e-06,8.546666e-06
91600,1.9363201e-06,5.0453886e-09,6.3421e-07,2.5755755e-06
91700,1.8280797e-06,5.1013584e-09,5.93082e-07,2.426263e-06
91800,0.00017618897,6.3865805e-08,1.1909503e-05,0.00018816235
91900,1.8235348e-06,4.6375463e-09,5.9265267e-07,2.420825e-06
92000,2.1877943e-06,2.1552484e-08,7.522088e-07,2.9615555e-06
92100,5.016764e-06,7.148551e-08,1.364998e-06,6.4532474e-06
92200,1.8163097e-06,4.4672013e-09,5.9503134e-07,2.4158082e-06
92300,2.6753409e-05,1.2373998e-06,3.3417537e-06,3.133256e-05
92400,2.1137816e-06,1.7365831e-08,6.094002e-07,2.7405476e-06
92500,1.8133549e-06,5.7401692e-09,5.8434e-07,2.4034352e-06
92600,1.0310573e-05,1.17064886e-07,2.0827492e-06,1.2510387e-05
92700,1.7940957e-06,4.423735e-09,5.903281e-07,2.3888476e-06
92800,7.223014e-06,1.3769154e-07,1.8914083e-06,9.252113e-06
92900,1.7905958e-06,4.9422937e-09,5.839121e-07,2.37945e-06
93000,1.1036552e-05,2.72313e-07,2.4015706e-06,1.3710435e-05
93100,1.7867125e-06,4.4810617e-09,5.8630576e-07,2.3774992e-06
93200,4.0950894e-05,7.479215e-07,1.4942226e-05,5.664104e-05
93300,1.7858908e-06,4.9542557e-09,5.835119e-07,2.374357e-06
93400,3.8307207e-06,8.4147146e-08,6.560738e-07,4.570942e-06
93500,2.437989e-05,6.2419576e-07,4.835053e-06,2.9839137e-05
93600,1.4721174e-05,3.5180645e-07,2.8450095e-06,1.7917991e-05
93700,2.0000505e-06,1.26980435e-08,6.035207e-07,2.6162693e-06
93800,1.8071391e-06,4.911374e-09,5.9017486e-07,2.4022252e-06
93900,1.3354162e-05,1.5130568e-07,2.040184e-06,1.5545651e-05
94000,3.6367762e-06,5.8020497e-08,1.0796263e-06,4.774423e-06
94100,2.7073484e-05,6.1798016e-07,5.982096e-06,3.3673557e-05
94200,1.7641654e-06,4.950487e-09,5.7856164e-07,2.3476773e-06
94300,6.65697e-05,3.2198895e-06,6.521498e-06,7.631109e-05
94400,0.00013571465,3.6078832e-06,2.7446411e-05,0.00016676895
94500,1.7510648e-06,4.7044573e-09,5.755463e-07,2.3313155e-06
94600,8.662024e-06,1.4889959e-07,3.6541392e-06,1.2465062e-05
94700,1.7438259e-06,4.4433675e-09,5.766673e-07,2.3249365e-06
94800,2.0051799e-05,1.1304832e-06,3.3109004e-06,2.4493183e-05
94900,0.00012972955,2.571744e-06,2.4684208e-05,0.00015698551
95000,1.7607452e-06,5.9718275e-09,5.6981816e-07,2.336535e-06
95100,1.8728206e-06,8.297608e-09,5.730202e-07,2.4541384e-06
95200,0.00020698515,4.964356e-06,4.234981e-05,0.00025429932
95300,1.7334651e-06,4.9181605e-09,5.71643e-07,2.310026e-06
95400,2.8970364e-05,4.8647117e-08,3.413227e-06,3.243224e-05
95500,1.777716e-05,3.852093e-07,3.7731284e-06,2.1935497e-05
95600,1.7488703e-06,6.2984307e-09,5.653961e-07,2.3205648e-06
95700,1.758005e-06,5.918605e-09,5.6643466e-07,2.3303583e-06
95800,5.481813e-05,2.3467855e-06,8.364685e-06,6.55296e-05
95900,1.7138184e-06,4.487694e-09,5.6831607e-07,2.2866222e-06
96000,1.0179325e-05,3.1042822e-07,2.6825685e-06,1.3172321e-05
96100,1.9696622e-06,1.48226835e-08,5.851638e-07,2.5696488e-06
96200,1.9493184e-06,6.8410273e-09,6.404333e-07,2.5965926e-06
96300,1.954549e-06,9.827113e-09,7.9668496e-07,2.7610608e-06
96400,1.2164183e-05,5.010953e-07,4.8990087e-06,1.7564287e-05
96500,9.113562e-05,1.9166534e-06,1.4817753e-05,0.00010787002
96600,1.7054288e-06,4.7750843e-09,5.6039255e-07,2.2705965e-06
96700,2.9821665e-06,5.203186e-08,1.0222241e-06,4.0564223e-06
96800,2.443998e-06,2.6113213e-08,6.652805e-07,3.1353918e-06
96900,1.7054506e-06,5.851009e-09,5.559963e-07,2.2672978e-06
97000,2.3054247e-06,6.050827e-09,7.6487447e-07,3.07635e-06
97100,7.886623e-05,4.771501e-06,1.9660874e-05,0.000103298604
97200,9.933453e-06,1.4596449e-07,2.3079401e-06,1.2387358e-05
97300,1.7518809e-06,4.1145443e-09,5.8109526e-07,2.3370908e-06
97400,1.7924147e-06,8.7256335e-09,5.593739e-07,2.3605144e-06
97500,2.0110368e-05,8.6316123e-07,6.4849614e-06,2.745849e-05
97600,1.6758435e-06,5.0013935e-09,5.558041e-07,2.236649e-06
97700,1.9452198e-06,4.318996e-09,5.742062e-07,2.5237448e-06
97800,3.4969887e-06,6.999055e-08,8.080796e-07,4.375059e-06
97900,1.724692e-05,3.4447643e-07,3.4974396e-06,2.1088837e-05
98000,1.6753576e-06,3.9717594e-09,5.644344e-07,2.2437637e-06
98100,1.7131604e-06,6.7250787e-09,5.7905675e-07,2.2989423e-06
98200,1.9704087e-06,2.0110338e-08,6.494602e-07,2.6399791e-06
98300,1.7125758e-06,8.37328e-09,5.631805e-07,2.2841296e-06
98400,3.8569415e-06,1.3408176e-07,1.0750757e-06,5.0660988e-06
98500,0.000121940655,2.9209846e-06,2.5798245e-05,0.0001506599
98600,1.6595264e-06,5.7209606e-09,5.477328e-07,2.2129802e-06
98700,1.7109784e-06,1.0541231e-08,5.362351e-07,2.2577549e-06
98800,4.627808e-06,5.1332655e-08,1.0492031e-06,5.7283437e-06
98900,1.9824565e-06,9.065246e-09,6.501513e-07,2.641673e-06
99000,1.6603707e-06,4.7798947e-09,5.6704755e-07,2.232198e-06
99100,1.3341863e-05,1.0326959e-08,3.4099576e-06,1.6762147e-05
99200,1.7107022e-06,7.3161837e-09,5.538348e-07,2.2718532e-06
99300,1.069144e-05,1.6670056e-07,2.678411e-06,1.3536552e-05
99400,1.6245884e-06,4.172322e-09,5.471632e-07,2.175924e-06
99500,1.4678938e-05,4.013065e-07,2.3568298e-06,1.7437074e-05
99600,1.6217462e-06,4.6322626e-09,5.418424e-07,2.1682208e-06
99700,1.8952193e-06,2.7123567e-08,5.331863e-07,2.4555293e-06
99800,2.0374207e-06,2.2119213e-08,6.2027993e-07,2.6798198e-06
99900,2.4613772e-05,5.737922e-07,8.370945e-06,3.355851e-05
100000,1.6104293e-06,4.032173e-09,5.483871e-07,2.1628487e-06
100100,0.0001659359,4.6190103e-06,2.999041e-05,0.00020054531
100200,1.6134463e-06,5.211931e-09,5.3638826e-07,2.1550463e-06
100300,4.9450056e-05,1.0110447e-06,7.067738e-06,5.752884e-05
100400,1.6037086e-06,4.7646784e-09,5.382411e-07,2.1467142e-06
100500,0.00024178291,2.7991416e-06,4.135388e-05,0.00028593594
100600,1.6096467e-06,5.1511457e-09,5.354553e-07,2.150253e-06
100700,8.392405e-06,3.495714e-07,2.2305007e-06,1.0972477e-05
100800,1.6130994e-06,4.18092e-09,5.418035e-07,2.1590838e-06
100900,1.5876591e-06,4.4905564e-09,5.3515737e-07,2.1273072e-06
101000,2.1071007e-06,4.2597996e-08,5.423908e-07,2.6920895e-06
101100,1.584505e-06,4.4887383e-09,5.342422e-07,2.1232358e-06
101200,7.696006e-06,2.5863187e-07,9.995024e-07,8.95414e-06
101300,1.5802283e-06,4.4337303e-09,5.333861e-07,2.118048e-06
101400,5.35667e-06,1.1282687e-07,1.5098287e-06,6.9793255e-06
101500,1.5747295e-06,4.4457655e-09,5.3326517e-07,2.1124404e-06
101600,0.00029120647,4.6616283e-06,4.5714885e-05,0.00034158299
101700,1.5901164e-06,5.8875322e-09,5.248756e-07,2.1208796e-06
101800,1.6242551e-06,4.2810497e-09,5.833285e-07,2.2118645e-06
101900,1.5716265e-06,4.8123807e-09,5.358818e-07,2.1123208e-06
102000,1.8991121e-06,1.2866721e-08,5.7520106e-07,2.4871797e-06
102100,1.5906205e-06,3.850901e-09,5.384601e-07,2.1329315e-06
102200,3.827711e-05,1.735009e-06,9.470879e-06,4.9483002e-05
102300,1.5638603e-06,4.931839e-09,5.2556345e-07,2.0943555e-06
